{"stat.crouchOneCm":9079,"stat.useItem.minecraft.quartz_block":3377,"stat.useItem.minecraft.stone_brick_stairs":5,"achievement.openInventory":74,"stat.damageDealt":9655,"stat.useItem.minecraft.stone_button":9,"achievement.exploreAllBiomes":{"value":0,"progress":["Extreme Hills+","Extreme Hills","Birch Forest","Plains","Birch Forest Hills M","River","Birch Forest Hills","Extreme Hills+ M"]},"stat.useItem.minecraft.item_frame":2,"stat.useItem.minecraft.iron_block":1873,"stat.useItem.minecraft.quartz_stairs":42,"stat.useItem.minecraft.stained_hardened_clay":2087,"stat.flyOneCm":1086797,"stat.useItem.minecraft.stonebrick":888,"stat.useItem.minecraft.diamond_sword":2,"stat.useItem.minecraft.stone":4,"stat.useItem.minecraft.flint_and_steel":47,"stat.useItem.minecraft.redstone":13,"stat.useItem.minecraft.torch":2,"stat.useItem.minecraft.hopper":3,"stat.killEntity.Enderman":2,"stat.leaveGame":10,"stat.diveOneCm":27976,"stat.useItem.minecraft.glowstone":2,"stat.useItem.minecraft.lever":4,"stat.killEntity.Spider":3,"stat.killEntity.foo":2,"stat.useItem.minecraft.stone_slab":212,"stat.timeSinceDeath":364975,"stat.killEntity.Creeper":1,"stat.useItem.minecraft.iron_trapdoor":3,"stat.playOneMinute":364975,"stat.useItem.minecraft.painting":22,"stat.swimOneCm":930,"stat.mobKills":28,"stat.killEntity.Skeleton":2,"stat.walkOneCm":395102,"stat.killEntity.Zombie":3,"stat.useItem.minecraft.sign":4,"stat.useItem.minecraft.iron_door":4,"stat.jump":259,"stat.killEntity.Witch":15,"stat.useItem.minecraft.spawn_egg":16,"stat.useItem.minecraft.sea_lantern":198,"stat.sprintOneCm":41905,"stat.useItem.minecraft.dirt":223}