{"stat.useItem.minecraft.anvil":4,"stat.useItem.minecraft.spruce_door":5,"stat.useItem.minecraft.chest":8,"stat.useItem.minecraft.stained_glass_pane":104,"stat.useItem.minecraft.minecart":89,"achievement.openInventory":198,"stat.killEntity.Sheep":1,"stat.damageDealt":8148,"stat.useItem.minecraft.obsidian":37,"achievement.exploreAllBiomes":{"value":0,"progress":["Extreme Hills+","Flower Forest","Extreme Hills","Plains","The End","River","Hell","Extreme Hills+ M"]},"stat.useItem.minecraft.fence":13,"stat.useItem.minecraft.bedrock":124,"stat.useItem.minecraft.planks":3,"stat.flyOneCm":2193634,"stat.useItem.minecraft.stonebrick":239,"stat.useItem.minecraft.golden_rail":958,"stat.useItem.minecraft.stone":306,"stat.useItem.minecraft.prismarine":13,"stat.useItem.minecraft.flower_pot":1,"stat.useItem.minecraft.torch":100,"stat.useItem.minecraft.bed":2,"stat.useItem.minecraft.rail":1077,"stat.useItem.minecraft.end_portal_frame":25,"stat.useItem.minecraft.ladder":15,"stat.useItem.minecraft.monster_egg":39,"stat.useItem.minecraft.wooden_pressure_plate":14,"stat.useItem.minecraft.flint_and_steel":2,"stat.climbOneCm":10543,"stat.useItem.minecraft.redstone":8,"stat.useItem.minecraft.potion":7,"stat.useItem.minecraft.brick_stairs":7,"stat.drop":3,"stat.useItem.minecraft.stone_pressure_plate":2,"stat.leaveGame":22,"stat.diveOneCm":6007,"stat.useItem.minecraft.lever":2,"stat.useItem.minecraft.glass":244,"stat.killEntity.Spider":2,"stat.useItem.minecraft.sand":3,"stat.timeSinceDeath":1541385,"stat.killEntity.Creeper":2,"stat.useItem.minecraft.ender_eye":24,"stat.useItem.minecraft.chest_minecart":15,"stat.useItem.minecraft.crafting_table":1,"stat.playOneMinute":1541387,"stat.useItem.minecraft.redstone_torch":173,"stat.killEntity.Rabbit":18,"stat.useItem.minecraft.wool":374,"stat.killEntity.Pig":10,"stat.swimOneCm":1349,"stat.mobKills":63,"stat.killEntity.Skeleton":4,"stat.walkOneCm":933817,"stat.killEntity.Zombie":5,"stat.minecartOneCm":598364,"stat.useItem.minecraft.iron_door":7,"stat.useItem.minecraft.carpet":119,"stat.jump":1228,"stat.useItem.minecraft.wooden_button":7,"stat.useItem.minecraft.beacon":1,"stat.useItem.minecraft.piston":2,"stat.useItem.minecraft.detector_rail":1,"stat.useItem.minecraft.spawn_egg":119,"stat.killEntity.Squid":1,"stat.sprintOneCm":79397,"stat.useItem.minecraft.dirt":171}