{"stat.useItem.minecraft.anvil":3,"stat.crouchOneCm":7284,"stat.useItem.minecraft.chest":7,"stat.useItem.minecraft.cobblestone":34,"stat.useItem.minecraft.stone_button":7,"achievement.exploreAllBiomes":{"value":0,"progress":["Extreme Hills+","Flower Forest","Extreme Hills","Plains","Birch Forest","Birch Forest Hills M","Roofed Forest","River","Hell","Extreme Hills+ M"]},"stat.useItem.minecraft.tnt":73,"stat.useItem.minecraft.netherrack":51,"stat.useItem.minecraft.wooden_door":6,"stat.useItem.minecraft.stained_glass":16,"stat.useItem.minecraft.minecart":38,"achievement.openInventory":218,"stat.damageDealt":1330,"stat.useItem.minecraft.obsidian":31,"stat.useItem.minecraft.iron_block":391,"stat.craftItem.minecraft.leather_helmet":4,"stat.useItem.minecraft.planks":219,"stat.flyOneCm":2022230,"stat.useItem.minecraft.skull":3,"stat.useItem.minecraft.golden_rail":4,"stat.useItem.minecraft.stone":397,"stat.craftItem.minecraft.leather_boots":5,"stat.useItem.minecraft.torch":43,"stat.useItem.minecraft.bed":2,"stat.useItem.minecraft.rail":29,"stat.useItem.minecraft.ladder":34,"stat.useItem.minecraft.dispenser":9,"stat.useItem.minecraft.ender_chest":1,"stat.useItem.minecraft.redstone_lamp":22,"stat.useItem.minecraft.flint_and_steel":88,"stat.climbOneCm":2109,"stat.useItem.minecraft.redstone":82,"stat.useItem.minecraft.potion":1,"stat.useItem.minecraft.oak_stairs":3,"stat.drop":3,"stat.useItem.minecraft.diamond_block":206,"stat.useItem.minecraft.repeater":7,"stat.leaveGame":16,"stat.diveOneCm":83848,"stat.useItem.minecraft.bow":133,"stat.useItem.minecraft.lever":13,"stat.useItem.minecraft.gold_block":339,"stat.useItem.minecraft.glass":156,"stat.killEntity.Spider":3,"stat.useItem.minecraft.sand":84,"stat.useItem.minecraft.stone_slab":40,"stat.timeSinceDeath":13235156,"stat.craftItem.minecraft.leather_chestplate":5,"stat.useItem.minecraft.gravel":23,"stat.useItem.minecraft.crafting_table":8,"stat.playOneMinute":13235156,"stat.useItem.minecraft.redstone_torch":9,"stat.killEntity.Rabbit":1,"stat.useItem.minecraft.wool":26,"stat.craftItem.minecraft.leather_leggings":5,"stat.swimOneCm":6529,"stat.useItem.minecraft.dark_oak_door":2,"stat.mobKills":15,"stat.killEntity.Skeleton":2,"stat.walkOneCm":449147,"stat.useItem.minecraft.string":5,"stat.killEntity.Zombie":1,"stat.useItem.minecraft.sign":7,"stat.minecartOneCm":230444,"stat.useItem.minecraft.iron_door":4,"stat.useItem.minecraft.carpet":51,"stat.jump":620,"stat.useItem.minecraft.armor_stand":24,"stat.useItem.minecraft.piston":12,"stat.useItem.minecraft.beacon":18,"stat.useItem.minecraft.spawn_egg":116,"stat.useItem.minecraft.sea_lantern":1,"stat.sprintOneCm":24488,"stat.useItem.minecraft.dirt":51}