{"stat.crouchOneCm":2568,"stat.useItem.minecraft.stained_glass_pane":180,"stat.useItem.minecraft.ice":76,"stat.useItem.minecraft.stone_brick_stairs":20,"stat.useItem.minecraft.cobblestone":86,"achievement.exploreAllBiomes":{"value":0,"progress":["Extreme Hills+","Flower Forest","Extreme Hills","Plains","The End","River","Hell","Extreme Hills+ M"]},"stat.useItem.minecraft.log":236,"stat.useItem.minecraft.end_stone":2,"stat.useItem.minecraft.stained_glass":3,"achievement.openInventory":76,"stat.damageDealt":10,"stat.useItem.minecraft.fence":1,"stat.useItem.minecraft.brick_block":14,"stat.useItem.minecraft.planks":165,"stat.useItem.minecraft.stained_hardened_clay":143,"stat.useItem.minecraft.stonebrick":649,"stat.flyOneCm":1293907,"stat.useItem.minecraft.stone":1794,"stat.useItem.minecraft.prismarine":262,"stat.useItem.minecraft.birch_door":7,"stat.useItem.minecraft.flower_pot":8,"stat.useItem.minecraft.torch":56,"stat.useItem.minecraft.bed":7,"stat.useItem.minecraft.rail":58,"stat.useItem.minecraft.monster_egg":17,"stat.climbOneCm":5414,"stat.drop":2,"stat.timeSinceDeath":3329155,"stat.playOneMinute":3329156,"stat.leaveGame":14,"stat.useItem.minecraft.painting":9,"stat.useItem.minecraft.wool":158,"stat.useItem.minecraft.gold_block":5,"stat.useItem.minecraft.carpet":198,"stat.jump":177,"stat.walkOneCm":250375,"stat.useItem.minecraft.red_sandstone_stairs":7,"stat.useItem.minecraft.sign":9,"stat.useItem.minecraft.dirt":26,"stat.useItem.minecraft.stone_slab2":10}